{
  "DollarsPledged": {
    "min": 88577,
    "max": 23089598,
    "mean": 2863154.25,
    "std": 6239164.33828674
  },
  "DollarsGoal": {
    "min": -1,
    "max": 18440,
    "mean": 1843.1666666666667,
    "std": 5114.637281432995
  },
  "NumBackers": {
    "min": 131,
    "max": 5062,
    "mean": 1077.9166666666667,
    "std": 1336.3060862852612
  },
  "DaysToGo": {
    "min": -1,
    "max": 9,
    "mean": 0.3333333333333333,
    "std": 3.096371091348713
  }
}